org_type_other,role_other,paymentworks_actions_text,paymentworks_difficulties_text,paymentworks_support_other,paymentworks_issues_open,invoice_submission_other,transcepta_interactions_text,transcepta_difficulties_text,transcepta_support_other,transcepta_issues_open,ipps_resources_other,ipps_difficulties_other,po_clarity_text,suggestions_open
,,,,,,,,,,,,,,
,,,Registered four times. Always rejected with no explanation. A simple phone call would resolve it in two minutes.,,,,,,,,,Being referred to self-help when the issue required direct human assistance.,,
,,,,Never heard of PaymentWorks before this survey.,I had a difficult time connecting with a PaymentWorks representative initially.,,,,,Every year there is a huge delay in PO renewals resulting in two to three months of inability to work or get paid.,,kept referring me to self-help and Transcepta support,,
,,,Haven't had issues yet.,Have not used it yet.,"I was directed to PaymentWorks very late in the process, then directed to another option. Very confusing.",,,Everything was bad. I will never work again with any company that uses Transcepta.,,,,,,
S-Corp,,,,,Client status says 'Registration Approved' but never advanced to 'Connected.',,,Everything was bad. I will never work again with any company that uses Transcepta.,,,,,,
,,,This process has been totally ill-timed and communicated. Multiple hard-copy letters saying the same thing. Phone support is a revolving cycle of asking for more information.,,,,,,,,,Payables@ucsd.edu is not very helpful.,,
,,,,,,,,,,,,,Optional — please elaborate on your choice.,
,Dispatch Manager,,,,,,,,,,,,,
,,,,,,,,,,,,,,
,,,,,Getting paid for invoices submitted has been the main challenge.,,,,,,,,,
,,,,,,,,,,,Other resources found via Google.,,,
,,,,,,,,"Often have to contact my colleague at UCSD, who then calls Transcepta.",,,,,,
,,,,,,,,,,,,,,
,,,"Things that are not important for me — I do not remember, so it is probably fine.",Accounting department internally.,,,,,,I am having significant issues with Transcepta. It is not functional and has resulted in significant payment delays.,,,"My most recent PO communication came directly from a real person, not from these systems.",
,,See response to question #2.,,,,,,Everything was bad. I will never work again with any company that uses Transcepta.,,I have spent hours trying to fix it. After uploading directly with a PDF it is still showing a $0 balance. Transcepta is an awful system for a small business owner.,,,Clear but the support for issues with the process was lacking.,
,Owner/Service Engineer,I have not used PaymentWorks directly; our client handles that side.,,,,,,,,,Been too long. Do not remember.,,,
,Manager,,Very challenging given the requirements to submit for reimbursement.,,,,,,,,,,,
,,,,,Several tickets opened to support. Vendor is unable to view remittance information. Matter still open without resolution.,,Been too long. Do not remember.,,,Transcepta is doing nothing but creating delays in payment. Small businesses cannot afford to carry receivables.,,Being referred to self-help when the issue required direct human assistance.,,
,,,Tax form management is confusing — we submitted our W-8BEN-E but keep being asked to resubmit. Unclear if it was received.,,,,N/A — I've never interacted with Transcepta directly.,,,,,,,
Uncertified Small Business,,,,,,Email directly to AP contact.,,,,When I submit an invoice the total always shows $0. I need to edit it each time.,,,I usually have to contact someone at UC San Diego when our PO dollar amount is used up. I'd prefer an email notification rather than having to reach out myself.,
,,I have not used PaymentWorks directly; our client handles that side.,,,,,,Had to contact several parties over several months to resolve the issue.,,Everything was bad. I will never work again with any company that uses Transcepta.,,,,It's nearly impossible to communicate with a real person. I suspect that is by design. But it makes it very hard to figure out issues.
,,,,,,,I've spoken with Customer Service multiple times. They had different instructions than what was provided and admitted their QBO interface was not good.,,,,,Payables@ucsd.edu is not very helpful.,,
,Owner,,,,,,,,,Every year there is a huge delay in PO renewals resulting in two to three months of inability to work or get paid.,,,I don't remember who I emailed.,
,,,This process has been totally ill-timed and communicated. Multiple hard-copy letters saying the same thing. Phone support is a revolving cycle of asking for more information.,,"Registered four times. All futile. Keeps asking for correct Tax ID, always rejects with no explanation. A phone call would fix it in two minutes. Staff response is mainly 'log in again and retry.' Frankly, PaymentWorks is amazingly complex and inefficient.",,,,,,,,I don't know what instructions you are referring to. All I need is the number and the statement of work.,Thank you for the continued efforts to improve supplier experience. More streamlined guidance would be appreciated.
,,I rarely use PaymentWorks — only log in when UCSD requires an update.,,,You are paying us. We should not have to register in your internal processing portal. AP specialists at your organization should be handling this.,,,,,,,,,
,,,,,I had a difficult time connecting with a PaymentWorks representative initially.,,,,,,,,,A telephone number for supplier support would be very helpful. It used to be possible to contact a person directly. Much more efficient than now.
,,,,,,,,,,,,,,Please change this process as soon as possible. You are paying us — we issue an invoice with payment instructions and it is your organization's responsibility to match it to internal POs.
,,,This process has been totally ill-timed and communicated. Multiple hard-copy letters saying the same thing. Phone support is a revolving cycle of asking for more information.,I finally got ahold of someone after several attempts.,,,,,,,Been too long. Do not remember.,,,
Public Agency,,,,,,,,,,Transcepta is doing nothing but creating delays in payment. Small businesses cannot afford to carry receivables.,,Payables@ucsd.edu is not very helpful.,,
,,,,I finally got ahold of someone after several attempts.,,,,,,,,,,
,,,,,,,,Been too long. Do not remember.,,"Transcepta creates much more work for the supplier. It requires re-entering all information from our own invoices item by item, line by line. We prefer to submit our company-generated invoices directly.",,,,
INGO,,,I have no idea how to enroll a new payor. Is UC San Diego a company or a supplier in the system?,,,,,,,,,kept referring me to self-help and Transcepta support,,
,,,,,,,,Had to contact several parties over several months to resolve the issue.,,,,,,
,,,,,,,,,Been too long. Do not remember.,,,,I don't remember who I emailed.,
,,,,,,,,,,"I was directed to Transcepta only after all other stages were complete and work had been done for two months. Invoices in one system, payment info in another, status updates in another. Very convoluted.",Other resources found via Google.,,,
,,,,,"Unless forced to submit via Transcepta, we do not use it. Our customers receive invoices emailed directly.",,Optional — please elaborate on choices selected.,No issues. Transcepta is very easy to use.,,,,,,
,,,,,"Again, never heard of this — I used to send invoices to the manager, now I use Transcepta.",,,,,,,,,
,,,,,,,,,,,,,I don't remember who I emailed.,
,,,,,The customers use PaymentWorks. Our company does not interact with it directly.,,,,,,,,,I began this process in early December. Work was completed in January. I was still working through your portals well into April. There is no reason for this.
,Agriculture sales,,I do not recall having difficulties.,,,EDI,,,,,,,,Communication — simple and straightforward. That may be something to implement.
,Owner/Operator,,,,,,,,,,Department administrator shared a guide.,,,
,,,Tax form management is confusing — we submitted our W-8BEN-E but keep being asked to resubmit. Unclear if it was received.,,,,,Been too long. Do not remember.,,,,,,
,Customer/training/success,,,,,,,,,Transcepta is doing nothing but creating delays in payment. Small businesses cannot afford to carry receivables.,,,,
,,,,,,,,Viewing invoice submission status was the main issue.,,,,,,
,Owner/Operator,,"Things that are not important for me — I do not remember, so it is probably fine.",,,,,When I submit an invoice the total always shows $0 and I have to go back and edit it to change the amount.,,,,,,
,,,,,We have encountered challenges with tax form management — asked to resubmit documents already on file.,,,,,,,,,I began this process in early December. Work was completed in January. I was still working through your portals well into April. There is no reason for this.
,,,"Things that are not important for me — I do not remember, so it is probably fine.",None.,,,I've spoken with Customer Service multiple times. They had different instructions than what was provided and admitted their QBO interface was not good.,"It is a little cumbersome. Many steps, but understandable given the nature of the system.",,,,,,Get rid of Transcepta.
,Engineering Sales & Service,,,,,,,Everything was bad. I will never work again with any company that uses Transcepta.,,,,,,
,,,,,,,,Everything was bad. I will never work again with any company that uses Transcepta.,,,,,,
,,,,,,,,,,,Department administrator shared a guide.,,,
,Consulting firm,,,,,,,,,Was unable to add UC San Diego without Transcepta support's assistance. Kept being referred to self-help options that were not working.,,,,Been too long. Do not remember.
INGO,,,,,,,,,,,,Payables@ucsd.edu is not very helpful.,,
,,,,,,,,,,"I was directed to Transcepta only after all other stages were complete and work had been done for two months. Invoices in one system, payment info in another, status updates in another. Very convoluted.",,,,
,,,Haven't had issues yet.,We have not used PaymentWorks.,Been too long. Do not remember.,,,,,,,,,
,,,,,,,,Everything was bad. I will never work again with any company that uses Transcepta.,,,,,,
,,,,I finally got ahold of someone after several attempts.,I had a horrible experience as a UC San Diego supplier.,QBO (QuickBooks Online),Unbelievable that in the age of AI you still require mapping invoices in specific places. QuickBooks does it automatically.,,,,,,,
DBE CA,,,,Never heard of PaymentWorks before this survey.,,,,Everything was bad. I will never work again with any company that uses Transcepta.,,Every year there is a huge delay in PO renewals resulting in two to three months of inability to work or get paid.,,,,Unbelievable that in the age of AI you still require manual invoice mapping. QuickBooks does this automatically.
,Accounting,,Registered four times. Always rejected with no explanation. A simple phone call would resolve it in two minutes.,,"I was directed to PaymentWorks very late in the process, then directed to another option. Very confusing.",,,,,,,,,I don't recall enough to provide meaningful feedback at this time.
,,,,,,,,,,,,,,
,Owner/Service Engineer,,,,Very challenging given requirements. I've created my own how-to document to navigate this.,,,,,I have spent hours trying to fix it. After uploading directly with a PDF it is still showing a $0 balance. Transcepta is an awful system for a small business owner.,,,"My most recent PO communication came directly from a real person, not from these systems.",
,,,,,,,,,,,,,,
,,,,,,,,,"We didn't choose to use this portal — your organization did. You should be the point of contact for issues, not a third-party vendor.",,,Read comment above. The issue isn't having enough support — it's about having an easy-to-use system that does things right the first time.,,
,Media Trainer,,,,,,,,,Transcepta is doing nothing but creating delays in payment. Small businesses cannot afford to carry receivables.,,,,
,,,,,,,,,,Everything was bad. I will never work again with any company that uses Transcepta.,,,,
,,,Everything was bad. I will never work again with any company that uses this system.,,,,,,,,,,,
,,,I have no idea how to enroll a new payor. Is UC San Diego a company or a supplier in the system?,,,,,,Department administrator.,,,,,
,,,Registered four times. Always rejected with no explanation. A simple phone call would resolve it in two minutes.,,We have encountered challenges with tax form management — asked to resubmit documents already on file.,,,,,,Department administrator shared a guide.,,,
,,,,,,,I've spoken with Customer Service multiple times. They had different instructions than what was provided and admitted their QBO interface was not good.,Been too long. Do not remember.,,Been too long. Do not remember.,,,,
,Sole member,,Everything was bad. I will never work again with any company that uses this system.,,,,,Transcepta is awful for small businesses — almost all of us use QuickBooks or QBO.,,I have spent hours trying to fix it. After uploading directly with a PDF it is still showing a $0 balance. Transcepta is an awful system for a small business owner.,,,,
,,,,We have not used PaymentWorks.,I had a difficult time connecting with a PaymentWorks representative initially.,,,,,,,,,
,,,,,,,I am really confused about the relationship between PaymentWorks and Transcepta.,,,"I was directed to Transcepta only after all other stages were complete and work had been done for two months. Invoices in one system, payment info in another, status updates in another. Very convoluted.",,,Clear but the support for issues with the process was lacking.,
,,,,We have not used PaymentWorks.,I had a horrible experience as a UC San Diego supplier.,,,,,When I submit an invoice the total always shows $0. I need to edit it each time.,,,,
,,,,,,,,,,"I was directed to Transcepta only after all other stages were complete and work had been done for two months. Invoices in one system, payment info in another, status updates in another. Very convoluted.",,Been too long. Do not remember.,,
,,,,,Very challenging given requirements. I've created my own how-to document to navigate this.,,,"It is a little cumbersome. Many steps, but understandable given the nature of the system.",,,,,,
,Owner/Operator,,,,,,,,,"I was directed to Transcepta only after all other stages were complete and work had been done for two months. Invoices in one system, payment info in another, status updates in another. Very convoluted.",,,"Since February we receive work orders and fulfill them without a PO number, as FM is behind in providing one.",
,,,,,Been too long. Do not remember.,,,,,,,Been too long. Do not remember.,"My most recent PO communication came directly from a real person, not from these systems.",
,,,,,,,,,,,Other resources found via Google.,,,I believe the process could be greatly improved by having a single point of contact instead of multiple portals.
,,,Haven't had issues yet.,,,,,,,,,kept referring me to self-help and Transcepta support,,
,Engineering Sales & Service,,,,,,,No issues. Transcepta is very easy to use.,Accounting department.,Been too long. Do not remember.,,,,There should be changes to the length of time services are paid for. It is not reasonable to expect a contractor to wait 60 or 90 days to get paid.
,,,,,"I was directed to PaymentWorks very late in the process, then directed to another option. Very confusing.",,,,,,,,,Been too long. Do not remember.
,,,,,,,,,,,,,I usually have to contact someone at UC San Diego when our PO dollar amount is used up. I'd prefer an email notification rather than having to reach out myself.,
,,,,,,,,,,One invoice was approved but never paid when the AP clerk on my account changed.,,,,I began this process in early December. Work was completed in January. I was still working through your portals well into April. There is no reason for this.
,,,,,,,,"Often have to contact my colleague at UCSD, who then calls Transcepta.",,,,,"My most recent PO communication came directly from a real person, not from these systems.",
,,,,Have not used it yet.,,EMAIL. You are paying us. We should not have to register in your internal portal.,,,,,,,,
,,I have not used PaymentWorks directly; our client handles that side.,I do not recall having difficulties.,,,,,,,,,,,
,Teaching,,,,,,,"Often have to contact my colleague at UCSD, who then calls Transcepta.",,I am having significant issues with Transcepta. It is not functional and has resulted in significant payment delays.,,kept referring me to self-help and Transcepta support,,"I've had many issues resolved by the department administrator. That being said, a net-60 soon becoming net-90 is completely unreasonable."
,,,Registered four times. Always rejected with no explanation. A simple phone call would resolve it in two minutes.,,We have encountered challenges with tax form management — asked to resubmit documents already on file.,,,"Often have to contact my colleague at UCSD, who then calls Transcepta.",MedEd AP person or my project manager.,Everything was bad. I will never work again with any company that uses Transcepta.,I have created my own set of instructions — a how-to document to navigate this system.,Been too long. Do not remember.,"My most recent PO communication came directly from a real person, not from these systems.",
,,,,,,,Optional — please elaborate on choices selected.,Viewing invoice submission status was the main issue.,,,,,,
,,,,,,,,,,,,,,
S-Corp,,,I do not recall having difficulties.,,,,,"Transcepta requires re-entering all information from our own invoices item by item, line by line. Very cumbersome.",,,I have created my own set of instructions — a how-to document to navigate this system.,,,
,,,,,,,,,,,,,,
,,,,,,,Been too long. Do not remember.,,,,,,,
,,,,,Been too long. Do not remember.,,,Had to contact several parties over several months to resolve the issue.,,,,I honestly don't wish to invest the time.,,
,,,,,,,,,,,,Payables@ucsd.edu is not very helpful.,,
,,"I thought we used PaymentWorks for invoicing, but my notes say Transcepta. Still unclear what PaymentWorks is for.",,,,,,,,,,,,It's nearly impossible to communicate with a real person. I suspect that is by design. But it makes it very hard to figure out issues.
,,,,,A Client status says Registration Approved but it never advanced to Connected.,,N/A — I've never interacted with Transcepta directly.,Transcepta is awful for small businesses — almost all of us use QuickBooks or QBO.,"We didn't choose to use this portal — your organization did. You should be the point of contact for issues, not a third-party vendor.",,,,,
,,,I have no idea how to enroll a new payor. Is UC San Diego a company or a supplier in the system?,,,,,,,,,,,A telephone number for supplier support would be very helpful. It used to be possible to contact a person directly. Much more efficient than now.
Educational Institution,,,"Things that are not important for me — I do not remember, so it is probably fine.",,"Again, never heard of this — I used to send invoices to the manager, now I use Transcepta.",,,,Accounting department.,One invoice was approved but never paid when the AP clerk on my account changed.,,,,
,,,,,,i need to check what i used,,,,,,,,
,,,,,,,,,,,,,I usually have to contact someone at UC San Diego when our PO dollar amount is used up. I'd prefer an email notification rather than having to reach out myself.,
,,,,,,,N/A — I've never interacted with Transcepta directly.,,,,,,"Since February we receive work orders and fulfill them without a PO number, as FM is behind in providing one.",A telephone number for supplier support would be very helpful. It used to be possible to contact a person directly. Much more efficient than now.
,,,"Getting what method of payment was set. It was a credit card at one time, now a transfer.",,The customers use PaymentWorks. Our company does not interact with it directly.,,,,,,,Payables@ucsd.edu is not very helpful.,,
,,,,,,,,,I don't know what else to tell you.,,I have created my own set of instructions — a how-to document to navigate this system.,I'm a small business. Spending time on administrative tasks that should take minutes costs money and productivity.,,
,Owner and Software Developer,,,,,,,,,,,,,
Cooperative,,,,,,,,,I don't know what else to tell you.,,,,,
,,,,,,,,,,,,,,
,Owner/Operator,,,,,,,Everything was bad. I will never work again with any company that uses Transcepta.,,,,,,
,,,,,,,,,MedEd AP person or my project manager.,,,Being referred to self-help when the issue required direct human assistance.,,
,,,,,,,,,,"I was directed to Transcepta only after all other stages were complete and work had been done for two months. Invoices in one system, payment info in another, status updates in another. Very convoluted.",,,,
,,,,,,,,,,,,,,
,,,I have no idea how to enroll a new payor. Is UC San Diego a company or a supplier in the system?,,,,,,Have not used it yet.,,,,,
,,,,,,,N/A — I've never interacted with Transcepta directly.,,,,Been too long. Do not remember.,,,I believe the process could be greatly improved by having a single point of contact instead of multiple portals.
,,,,,Several tickets opened to support. Vendor is unable to view remittance information. Matter still open without resolution.,,,Viewing invoice submission status was the main issue.,,,,,,
,,,,,,,,Been too long. Do not remember.,,Every year there is a huge delay in PO renewals resulting in two to three months of inability to work or get paid.,,,,
,,,,,,,Been too long. Do not remember.,,,Been too long. Do not remember.,,,,
,,,,,I had a horrible experience as a UC San Diego supplier.,,,Been too long. Do not remember.,,Been too long. Do not remember.,,,"Since February we receive work orders and fulfill them without a PO number, as FM is behind in providing one.",
,,,Registered four times. Always rejected with no explanation. A simple phone call would resolve it in two minutes.,,,,,,,,,,,
,,,,,,,,,Accounting department.,,,,,
,,I rarely use PaymentWorks — only log in when UCSD requires an update.,Haven't had issues yet.,,,,,,,,,,,
Cooperative,,,,I am having significant issues — it is not functional.,,,,,Have not used it yet.,,I have created my own set of instructions — a how-to document to navigate this system.,,,
,,,,,You are paying us. We should not have to register in your internal processing portal. AP specialists at your organization should be handling this.,i need to check what i used,I am really confused about the relationship between PaymentWorks and Transcepta.,,,,,,,
,,,,,,,,,,"Transcepta creates much more work for the supplier. It requires re-entering all information from our own invoices item by item, line by line. We prefer to submit our company-generated invoices directly.",,Read comment above. The issue isn't having enough support — it's about having an easy-to-use system that does things right the first time.,,
,,,I have no idea how to enroll a new payor. Is UC San Diego a company or a supplier in the system?,,,,,,,,,,,
,Agriculture sales,,,,,,,,,,,,,Thank you for the continued efforts to improve supplier experience. More streamlined guidance would be appreciated.
,,,,,,Print it out and give it to the manager of the store.,N/A — I've never interacted with Transcepta directly.,I do not recall.,,,Other resources found via Google.,,,
,,,,,"Unless forced to submit via Transcepta, we do not use it. Our customers receive invoices emailed directly.",i need to check what i used,,,"We didn't choose to use this portal — your organization did. You should be the point of contact for issues, not a third-party vendor.",,,,,
,,,"Things that are not important for me — I do not remember, so it is probably fine.",,,,,,,,,,kept referring me to self-help,
,,,,,We have encountered challenges with tax form management — asked to resubmit documents already on file.,,,,,,I have created my own set of instructions — a how-to document to navigate this system.,,,
,,,,We have not used PaymentWorks.,,,,,,,Been too long. Do not remember.,,,Please change this process as soon as possible. You are paying us — we issue an invoice with payment instructions and it is your organization's responsibility to match it to internal POs.
,,,,,,,,,,I have spent hours trying to fix it. After uploading directly with a PDF it is still showing a $0 balance. Transcepta is an awful system for a small business owner.,,,,
,Engineering Sales & Service,,,,,,,,,Every year there is a huge delay in PO renewals resulting in two to three months of inability to work or get paid.,,,kept referring me to self-help,
,,,,,"Registered four times. All futile. Keeps asking for correct Tax ID, always rejects with no explanation. A phone call would fix it in two minutes. Staff response is mainly 'log in again and retry.' Frankly, PaymentWorks is amazingly complex and inefficient.",,,,,,,,Optional — please elaborate on your choice.,
,,,,,Getting paid for invoices submitted has been the main challenge.,,,,,,,I'm a small business. Spending time on administrative tasks that should take minutes costs money and productivity.,,
,role in what? The question makes no sense.,,This process has been totally ill-timed and communicated. Multiple hard-copy letters saying the same thing. Phone support is a revolving cycle of asking for more information.,,,,,,,,Department administrator shared a guide.,,,
,,,I do not recall having difficulties.,,,,,,,,,,,More streamlined guidance and centralized communication channels would make it easier for suppliers to navigate processes and obtain timely support.
,,,,,,,,,,,,,,Been too long. Do not remember.
,,,,,,,,,,Was unable to add UC San Diego without Transcepta support's assistance. Kept being referred to self-help options that were not working.,,,,
,,,,,,,,,,,,,,
,Media Trainer,,,,,,,,,Was unable to add UC San Diego without Transcepta support's assistance. Kept being referred to self-help options that were not working.,,Read comment above. The issue isn't having enough support — it's about having an easy-to-use system that does things right the first time.,,
,,,,,,,,As a vendor we do not appreciate being required to upload invoices and add internal information. Your AP team should handle this.,,,,,,
,,,,Accounting department internally.,,,,,,,,,,Unbelievable that in the age of AI you still require manual invoice mapping. QuickBooks does this automatically.
,,,,,,,,As a vendor we do not appreciate being required to upload invoices and add internal information. Your AP team should handle this.,,,,,Clear but the support for issues with the process was lacking.,
,,,,,,,,,,,,,,
,,,,,We have encountered challenges with tax form management — asked to resubmit documents already on file.,,I've spoken with Customer Service multiple times. They had different instructions than what was provided and admitted their QBO interface was not good.,,,,,,,
,,,,,"Registered four times. All futile. Keeps asking for correct Tax ID, always rejects with no explanation. A phone call would fix it in two minutes. Staff response is mainly 'log in again and retry.' Frankly, PaymentWorks is amazingly complex and inefficient.",,I am really confused about the relationship between PaymentWorks and Transcepta.,,,,,,"Since February we receive work orders and fulfill them without a PO number, as FM is behind in providing one.",
,Dispatch Manager,,,,,,I am really confused about the relationship between PaymentWorks and Transcepta.,,,,,,,
,,,,,,,N/A — I've never interacted with Transcepta directly.,No issues. Transcepta is very easy to use.,,,,,,
,,Is this the same as your Transcepta system?,Registered four times. Always rejected with no explanation. A simple phone call would resolve it in two minutes.,We have not used PaymentWorks.,,,,,,,,,,
,Media Trainer,,,,,,,,,,,kept referring me to self-help and Transcepta support,,
,,I rarely use PaymentWorks — only log in when UCSD requires an update.,,,,,I am really confused about the relationship between PaymentWorks and Transcepta.,,,,,,,
,,,"Things that are not important for me — I do not remember, so it is probably fine.",,,"Unless forced to submit via Transcepta, we do not use Transcepta. Our customers receive invoices emailed to their AP or business email.",,,,,I have created my own set of instructions — a how-to document to navigate this system.,,,
,,,,,,,,,,,,,,Been too long. Do not remember.
,Live Bee removal,,,,Been too long. Do not remember.,,,,,,,kept referring me to self-help and Transcepta support,,"I've had many issues resolved by the department administrator. That being said, a net-60 soon becoming net-90 is completely unreasonable."
,,,,,,,N/A — I've never interacted with Transcepta directly.,,,,,,,
Certified WBE,,,,,Very challenging given requirements. I've created my own how-to document to navigate this.,,,,,,,,,
,,,,,"Registered four times. All futile. Keeps asking for correct Tax ID, always rejects with no explanation. A phone call would fix it in two minutes. Staff response is mainly 'log in again and retry.' Frankly, PaymentWorks is amazingly complex and inefficient.",,Optional — please elaborate on choices selected.,,,,,,,
,"AP, Purchasing, Estimator, AR, Sales",,,,,,,Transcepta is awful for small businesses — almost all of us use QuickBooks or QBO.,,,,,,
,,,,,,,,I do not recall.,,,,,,
,Manager,,Very challenging given the requirements to submit for reimbursement.,,,,,,,,,,,More streamlined guidance and centralized communication channels would make it easier for suppliers to navigate processes and obtain timely support.
,Owner/Operator,,,,,,,As a vendor we do not appreciate being required to upload invoices and add internal information. Your AP team should handle this.,,,,,,
,Engineering Sales & Service,,"Getting what method of payment was set. It was a credit card at one time, now a transfer.",,,,,"Often have to contact my colleague at UCSD, who then calls Transcepta.",,,,,,
,Owner,,,We have not used PaymentWorks.,,,,,,Everything was bad. I will never work again with any company that uses Transcepta.,,,,
,,,,,,,,,,,,,,
,,,,,,,,,,One invoice was approved but never paid when the AP clerk on my account changed.,,Read comment above. The issue isn't having enough support — it's about having an easy-to-use system that does things right the first time.,,"I've had many issues resolved by the department administrator. That being said, a net-60 soon becoming net-90 is completely unreasonable."
,Owner/Service Engineer,,,,,,Unbelievable that in the age of AI you still require mapping invoices in specific places. QuickBooks does it automatically.,,,I have spent hours trying to fix it. After uploading directly with a PDF it is still showing a $0 balance. Transcepta is an awful system for a small business owner.,,,,
,,,,,,,,,,,,,,
,,I rarely use PaymentWorks — only log in when UCSD requires an update.,,,,,,,,,Been too long. Do not remember.,,,More streamlined guidance and centralized communication channels would make it easier for suppliers to navigate processes and obtain timely support.
,,,,,,,,,,,,,,
,,,,,I had a difficult time connecting with a PaymentWorks representative initially.,Print it out and give it to the manager of the store.,,,,Was unable to add UC San Diego without Transcepta support's assistance. Kept being referred to self-help options that were not working.,,,,
,,,,,,,Been too long. Do not remember.,,,,,,,More streamlined guidance and centralized communication channels would make it easier for suppliers to navigate processes and obtain timely support.
"Smaller, privately owned business but not per SBA standards",,,,,,,,,,,,,,
,,,,,,,,"Often have to contact my colleague at UCSD, who then calls Transcepta.",,,,,,A telephone number for supplier support would be very helpful. It used to be possible to contact a person directly. Much more efficient than now.
,,,,,Very challenging given requirements. I've created my own how-to document to navigate this.,,,,,,Department administrator shared a guide.,,,
,Office Manager,,,,,,,,,,,,kept referring me to self-help,
INGO,,,,Have not used it yet.,,,,Viewing invoice submission status was the main issue.,,,,,,
,,I rarely use PaymentWorks — only log in when UCSD requires an update.,,,"Again, never heard of this — I used to send invoices to the manager, now I use Transcepta.",,,,,Everything was bad. I will never work again with any company that uses Transcepta.,,,Clear but the support for issues with the process was lacking.,Communication — simple and straightforward. That may be something to implement.
,,,,,,,,,,Was unable to add UC San Diego without Transcepta support's assistance. Kept being referred to self-help options that were not working.,,,,
,,,,,,,,,,When I submit an invoice the total always shows $0. I need to edit it each time.,,,,
,,,,,,EMAIL. You are paying us. We should not have to register in your internal portal.,,,,Everything was bad. I will never work again with any company that uses Transcepta.,,,,
,,,,,We have encountered challenges with tax form management — asked to resubmit documents already on file.,,,,,Been too long. Do not remember.,,,"My most recent PO communication came directly from a real person, not from these systems.",
,,,,I haven't had an issue.,,QBO (QuickBooks Online),,As a vendor we do not appreciate being required to upload invoices and add internal information. Your AP team should handle this.,,,,,,Been too long. Do not remember.
,,,Very challenging given the requirements to submit for reimbursement.,,,,,,,,,Being referred to self-help when the issue required direct human assistance.,"My most recent PO communication came directly from a real person, not from these systems.",
,,,Registered four times. Always rejected with no explanation. A simple phone call would resolve it in two minutes.,,Getting paid for invoices submitted has been the main challenge.,,,,,,,Been too long. Do not remember.,,
,,,,,,,,,,,,,,
,,,,,,,,,,,,,,
,,,,,,,,,,,,,,Been too long. Do not remember.
,,,,,,,,,,,,,,
,Dispatch Manager,,,,,Email directly to AP contact.,N/A — I've never interacted with Transcepta directly.,,,,,,,
,Teaching,,"Getting what method of payment was set. It was a credit card at one time, now a transfer.",Never heard of PaymentWorks before this survey.,,,,,,Transcepta is doing nothing but creating delays in payment. Small businesses cannot afford to carry receivables.,,,,
,,,,,We have encountered challenges with tax form management — asked to resubmit documents already on file.,,,,,,,,,
,Media Trainer,,,,,,,,,,Been too long. Do not remember.,,,I don't recall enough to provide meaningful feedback at this time.
,Owner/Operations,,,,,Been too long. Do not remember.,,I do not recall.,,,,Being referred to self-help when the issue required direct human assistance.,,
,,,,,,,,Viewing invoice submission status was the main issue.,,,,,,
,,,,,,,,,MedEd AP person or my project manager.,,Been too long. Do not remember.,,,
,,,,,,,Been too long. Do not remember.,,,,,,,
,,,I do not recall having difficulties.,,,,,,,I have spent hours trying to fix it. After uploading directly with a PDF it is still showing a $0 balance. Transcepta is an awful system for a small business owner.,,,"Since February we receive work orders and fulfill them without a PO number, as FM is behind in providing one.","I've had many issues resolved by the department administrator. That being said, a net-60 soon becoming net-90 is completely unreasonable."
,,,,,,,I do not recall.,,,,,,,"Consider that if a company has to have that many resources to solve issues, it's not a good system."
,,,"Things that are not important for me — I do not remember, so it is probably fine.",,,,,,,,,,,Please change this process as soon as possible. You are paying us — we issue an invoice with payment instructions and it is your organization's responsibility to match it to internal POs.
,Customer/training/success,,,,,,,,,,,,"My most recent PO communication came directly from a real person, not from these systems.",Renew POs much faster for existing vendors. I shouldn't have to shuffle work to account for multiple months of non-payment while this gets sorted out.
,,"I thought we used PaymentWorks for invoicing, but my notes say Transcepta. Still unclear what PaymentWorks is for.",I do not recall having difficulties.,,,,,,,,,,,
,,,Very challenging given the requirements to submit for reimbursement.,,"Unless forced to submit via Transcepta, we do not use it. Our customers receive invoices emailed directly.",,Been too long. Do not remember.,,,,,,"My most recent PO communication came directly from a real person, not from these systems.",Been too long. Do not remember.
DBE CA,,,,,,,,,,,,,,
,,,,,,,N/A — I've never interacted with Transcepta directly.,,,,,,,
,,,,,,,,,,,,,I usually have to contact someone at UC San Diego when our PO dollar amount is used up. I'd prefer an email notification rather than having to reach out myself.,"Consider that if a company has to have that many resources to solve issues, it's not a good system."
,,,,,,,,,,,,,"Since February we receive work orders and fulfill them without a PO number, as FM is behind in providing one.",
,,,,,,,,,,,,,,
,,,,,"I was directed to PaymentWorks very late in the process, then directed to another option. Very confusing.",,I do not recall.,,,,,,,I believe the process could be greatly improved by having a single point of contact instead of multiple portals.
,role in what? The question makes no sense.,,Registered four times. Always rejected with no explanation. A simple phone call would resolve it in two minutes.,,,,,,,,,,,
,,,,,,,,,,,Been too long. Do not remember.,Payables@ucsd.edu is not very helpful.,,
,,,,,,,,,I don't know what else to tell you.,,,,,
,,,,,,,,,,,,,,
,,,Haven't had issues yet.,,I had a horrible experience as a UC San Diego supplier.,,,,,,,Payables@ucsd.edu is not very helpful.,,
"Smaller, privately owned business but not per SBA standards",,,,,,"Unless forced to submit via Transcepta, we do not use Transcepta. Our customers receive invoices emailed to their AP or business email.",,,I don't know what else to tell you.,,,kept referring me to self-help and Transcepta support,Clear but the support for issues with the process was lacking.,
,,,,,,,,,,,,,,
,Office Manager,,,,,Print it out and give it to the manager of the store.,I've spoken with Customer Service multiple times. They had different instructions than what was provided and admitted their QBO interface was not good.,,,,,,,
,,,,,,,,,,,,,,
Certified WBE,,,Haven't had issues yet.,,,,,,,,,,,I believe the process could be greatly improved by having a single point of contact instead of multiple portals.
,,,,,"Unless forced to submit via Transcepta, we do not use it. Our customers receive invoices emailed directly.","Unless forced to submit via Transcepta, we do not use Transcepta. Our customers receive invoices emailed to their AP or business email.",,Been too long. Do not remember.,,When I submit an invoice the total always shows $0. I need to edit it each time.,,,,Get rid of Transcepta.
,,,,,The customers use PaymentWorks. Our company does not interact with it directly.,,,,,"I was directed to Transcepta only after all other stages were complete and work had been done for two months. Invoices in one system, payment info in another, status updates in another. Very convoluted.",,,,
,,,,,,,,,,"Transcepta creates much more work for the supplier. It requires re-entering all information from our own invoices item by item, line by line. We prefer to submit our company-generated invoices directly.",Other resources found via Google.,,,A telephone number for supplier support would be very helpful. It used to be possible to contact a person directly. Much more efficient than now.
,,,,,,,,,,,,,,
,,,,,,,,,,,,,,Please change this process as soon as possible. You are paying us — we issue an invoice with payment instructions and it is your organization's responsibility to match it to internal POs.
,,,,,,,,,,,,,Optional — please elaborate on your choice.,
,,,,,,,,,,,,,,
,,,"Things that are not important for me — I do not remember, so it is probably fine.",,"I was directed to PaymentWorks very late in the process, then directed to another option. Very confusing.",,,,,,,kept referring me to self-help and Transcepta support,,It's nearly impossible to communicate with a real person. I suspect that is by design. But it makes it very hard to figure out issues.
,,,,,,,Been too long. Do not remember.,,,,,,,
,,,,,,,,,,,,,,
,"AP, Purchasing, Estimator, AR, Sales",,,,I had a difficult time connecting with a PaymentWorks representative initially.,,,,,Every year there is a huge delay in PO renewals resulting in two to three months of inability to work or get paid.,,,,A telephone number for supplier support would be very helpful. It used to be possible to contact a person directly. Much more efficient than now.
,,,,,We have encountered challenges with tax form management — asked to resubmit documents already on file.,,,,,,,,,
,,,,,,,,,,,,,,
,Live Bee removal,,,,,QBO (QuickBooks Online),,,MedEd AP person or my project manager.,When I submit an invoice the total always shows $0. I need to edit it each time.,,,,
,,"I thought we used PaymentWorks for invoicing, but my notes say Transcepta. Still unclear what PaymentWorks is for.",,,,,,,,,,,,
,,,,,A Client status says Registration Approved but it never advanced to Connected.,,,,,,,,,Communication — simple and straightforward. That may be something to implement.
,Owner/Operator,,,,,,Unbelievable that in the age of AI you still require mapping invoices in specific places. QuickBooks does it automatically.,,,,,,,
,Teaching,,,,,,,,,,Other resources found via Google.,,,
,,"I thought we used PaymentWorks for invoicing, but my notes say Transcepta. Still unclear what PaymentWorks is for.",Registered four times. Always rejected with no explanation. A simple phone call would resolve it in two minutes.,,,,,,,,,,,
,,,,,,,,,,,,,I don't know what instructions you are referring to. All I need is the number and the statement of work.,
,,,,,,,,,,,,,,
,,,,,,,,,,Transcepta is doing nothing but creating delays in payment. Small businesses cannot afford to carry receivables.,,I'm a small business. Spending time on administrative tasks that should take minutes costs money and productivity.,,
,Teaching,,,,I had a difficult time connecting with a PaymentWorks representative initially.,,,,,Been too long. Do not remember.,,I'm a small business. Spending time on administrative tasks that should take minutes costs money and productivity.,,
,,,"Getting what method of payment was set. It was a credit card at one time, now a transfer.",,Been too long. Do not remember.,,,,,,,,,
,,,Very challenging given the requirements to submit for reimbursement.,,Client status says 'Registration Approved' but never advanced to 'Connected.',,,,,,,I'm a small business. Spending time on administrative tasks that should take minutes costs money and productivity.,I don't know what instructions you are referring to. All I need is the number and the statement of work.,
,,,,,"I was directed to PaymentWorks very late in the process, then directed to another option. Very confusing.",,Unbelievable that in the age of AI you still require mapping invoices in specific places. QuickBooks does it automatically.,,,,I have created my own set of instructions — a how-to document to navigate this system.,,,
,,,,,,,,,,,,,,Been too long. Do not remember.
,,,,,,Print it out and give it to the manager of the store.,,,,I am having significant issues with Transcepta. It is not functional and has resulted in significant payment delays.,,,,A telephone number for supplier support would be very helpful. It used to be possible to contact a person directly. Much more efficient than now.
,role in what? The question makes no sense.,,,Have not used it yet.,,,Unbelievable that in the age of AI you still require mapping invoices in specific places. QuickBooks does it automatically.,,,Been too long. Do not remember.,,,,Unbelievable that in the age of AI you still require manual invoice mapping. QuickBooks does this automatically.
,,,,,,QBO (QuickBooks Online),Optional — please elaborate on choices selected.,,,,,,,
,,,,,The customers use PaymentWorks. Our company does not interact with it directly.,,Unbelievable that in the age of AI you still require mapping invoices in specific places. QuickBooks does it automatically.,,,,,,,
Certified WBE,,,Very challenging given the requirements to submit for reimbursement.,,,,,As a vendor we do not appreciate being required to upload invoices and add internal information. Your AP team should handle this.,,,,I'm a small business. Spending time on administrative tasks that should take minutes costs money and productivity.,,
,,,,,,,,"Transcepta requires re-entering all information from our own invoices item by item, line by line. Very cumbersome.",,,,,,
,,,,,You are paying us. We should not have to register in your internal processing portal. AP specialists at your organization should be handling this.,,,,,,,,,
,,,,,Been too long. Do not remember.,,I am really confused about the relationship between PaymentWorks and Transcepta.,,,,,,I usually have to contact someone at UC San Diego when our PO dollar amount is used up. I'd prefer an email notification rather than having to reach out myself.,"I've had many issues resolved by the department administrator. That being said, a net-60 soon becoming net-90 is completely unreasonable."
,,,,,I had a horrible experience as a UC San Diego supplier.,,N/A — I've never interacted with Transcepta directly.,,,,,,I don't remember who I emailed.,
,,,,,,,,,,,,,,Been too long. Do not remember.
Micro Business,"AP, Purchasing, Estimator, AR, Sales",,,,,,,,,,,,,
,,,,,,,,,,,,,Clear but the support for issues with the process was lacking.,Unbelievable that in the age of AI you still require manual invoice mapping. QuickBooks does this automatically.
,,I have not used PaymentWorks directly; our client handles that side.,,,"Registered four times. All futile. Keeps asking for correct Tax ID, always rejects with no explanation. A phone call would fix it in two minutes. Staff response is mainly 'log in again and retry.' Frankly, PaymentWorks is amazingly complex and inefficient.",,,,,,,,,Thank you for the continued efforts to improve supplier experience. More streamlined guidance would be appreciated.
,,,,,,,I do not recall.,Viewing invoice submission status was the main issue.,,,,,Optional — please elaborate on your choice.,
,,,,,,,,,,,,,I don't know what instructions you are referring to. All I need is the number and the statement of work.,
,,,,,,,,When I submit an invoice the total always shows $0 and I have to go back and edit it to change the amount.,,,,,kept referring me to self-help,Thank you for the continued efforts to improve supplier experience. More streamlined guidance would be appreciated.
,,,,,,,I do not recall.,,,,,,,
,,,,,,I need to check what I used.,,,,,,,,
,,"I thought we used PaymentWorks for invoicing, but my notes say Transcepta. Still unclear what PaymentWorks is for.","Things that are not important for me — I do not remember, so it is probably fine.",,,,,,,When I submit an invoice the total always shows $0. I need to edit it each time.,,,,
,Owner,,,,,,,,Accounting department.,,Department administrator shared a guide.,,,
,,,"Getting what method of payment was set. It was a credit card at one time, now a transfer.",,,,,As a vendor we do not appreciate being required to upload invoices and add internal information. Your AP team should handle this.,Have not used it yet.,,,,,I began this process in early December. Work was completed in January. I was still working through your portals well into April. There is no reason for this.
,Owner,See response to question #2.,,,,,,,,,,,,
,,,,,Been too long. Do not remember.,,,I do not recall.,,Everything was bad. I will never work again with any company that uses Transcepta.,,,"Since February we receive work orders and fulfill them without a PO number, as FM is behind in providing one.",
,Owner/Operations,,,,,,,,,,,,,
"Smaller, privately owned business but not per SBA standards",Office Manager,,,,,,,,,,,Payables@ucsd.edu is not very helpful.,,
,,,,,,,,,,,,,,Please change this process as soon as possible. You are paying us — we issue an invoice with payment instructions and it is your organization's responsibility to match it to internal POs.
,,I have not used PaymentWorks directly; our client handles that side.,,,I had a horrible experience as a UC San Diego supplier.,,,Viewing invoice submission status was the main issue.,,,,,,
,,,,,,,,,,,,,,
,,,,,,,,,Have not used it yet.,,,,,
,"AP, Purchasing, Estimator, AR, Sales","We use it only for registration. Once set up, we don't log back in.",,,,,,,,,,,,
,role in what? The question makes no sense.,,,,,,,,"We didn't choose to use this portal — your organization did. You should be the point of contact for issues, not a third-party vendor.",,,,"My most recent PO communication came directly from a real person, not from these systems.",
,,,,,,Email directly to AP contact.,,,,,,,,
,,,Registered four times. Always rejected with no explanation. A simple phone call would resolve it in two minutes.,,,I need to check what I used.,,,,I am having significant issues with Transcepta. It is not functional and has resulted in significant payment delays.,,,,
,,,,,,,,,,,,Being referred to self-help when the issue required direct human assistance.,,
,,,This process has been totally ill-timed and communicated. Multiple hard-copy letters saying the same thing. Phone support is a revolving cycle of asking for more information.,,,,,,,,,,,
,,,,,,,,,,,,,,
,Agriculture sales,,,,,,,,,,,,,
,,,,,,,,,,,,,,
,,,,,,,N/A — I've never interacted with Transcepta directly.,,,,,,,
,Accounting,,,,You are paying us. We should not have to register in your internal processing portal. AP specialists at your organization should be handling this.,,,,,Been too long. Do not remember.,,,,
,,,,,,,,,,,,,,
,,,,,"I was directed to PaymentWorks very late in the process, then directed to another option. Very confusing.",,,"Often have to contact my colleague at UCSD, who then calls Transcepta.",,,,,,
,Owner/Operations,,,Have not used it yet.,,,,,,,,,,
,,,,,,,,As a vendor we do not appreciate being required to upload invoices and add internal information. Your AP team should handle this.,,,,,I don't remember who I emailed.,Thank you for the continued efforts to improve supplier experience. More streamlined guidance would be appreciated.
,,,Registered four times. Always rejected with no explanation. A simple phone call would resolve it in two minutes.,,,,,,,,,,,
,Owner/Operations,,,We have not used PaymentWorks.,I had a difficult time connecting with a PaymentWorks representative initially.,,,,,,,,,A telephone number for supplier support would be very helpful. It used to be possible to contact a person directly. Much more efficient than now.
,,,,,,,,Everything was bad. I will never work again with any company that uses Transcepta.,,,,,,Been too long. Do not remember.
,Consulting firm,,,,,,,Viewing invoice submission status was the main issue.,Been too long. Do not remember.,,,,,
,Owner/Operations,,,,,,,"Transcepta requires re-entering all information from our own invoices item by item, line by line. Very cumbersome.",,When I submit an invoice the total always shows $0. I need to edit it each time.,,Read comment above. The issue isn't having enough support — it's about having an easy-to-use system that does things right the first time.,,Thank you for the continued efforts to improve supplier experience. More streamlined guidance would be appreciated.
,,,,Never heard of PaymentWorks before this survey.,,,,,,,,,,
,,,Haven't had issues yet.,,,EDI,,,,,,,,
,,,,,,,,"Transcepta requires re-entering all information from our own invoices item by item, line by line. Very cumbersome.",,,,,,
,,See response to question #2.,,,Client status says 'Registration Approved' but never advanced to 'Connected.',,,,,,,,,
,,,,,,,,,,,,,,
DBE CA,,I rarely use PaymentWorks — only log in when UCSD requires an update.,,,,,,No issues. Transcepta is very easy to use.,,,,,kept referring me to self-help,
,,,,We have not used PaymentWorks.,,,,Viewing invoice submission status was the main issue.,,,,,,
,,,,Have not used it yet.,,,,,,Every year there is a huge delay in PO renewals resulting in two to three months of inability to work or get paid.,,,,
,Dispatch Manager,,"Things that are not important for me — I do not remember, so it is probably fine.",,,,,"Transcepta requires re-entering all information from our own invoices item by item, line by line. Very cumbersome.",,When I submit an invoice the total always shows $0. I need to edit it each time.,,,,
,,,,,,,,,,,,,,
,Owner,,,,,,,,,,,,,"I've had many issues resolved by the department administrator. That being said, a net-60 soon becoming net-90 is completely unreasonable."
,,,,,,,,,,,,,,
,,,,,,,,,,Been too long. Do not remember.,,,,
,,,,I am having significant issues — it is not functional.,,,,,,,,,"Since February we receive work orders and fulfill them without a PO number, as FM is behind in providing one.",
,Owner/Operator,,,,,,,,,,,,,Renew POs much faster for existing vendors. I shouldn't have to shuffle work to account for multiple months of non-payment while this gets sorted out.
,Media Trainer,See response to question #2.,,,,,,,,,,,,
,,,This process has been totally ill-timed and communicated. Multiple hard-copy letters saying the same thing. Phone support is a revolving cycle of asking for more information.,,,,,,,,,,,
,,,,,,,,,,,,,I don't remember who I emailed.,
,,,,I haven't had an issue.,,,I am really confused about the relationship between PaymentWorks and Transcepta.,No issues. Transcepta is very easy to use.,,,,,,"Consider that if a company has to have that many resources to solve issues, it's not a good system."
,,,,,,,Unbelievable that in the age of AI you still require mapping invoices in specific places. QuickBooks does it automatically.,,,,,,,More streamlined guidance and centralized communication channels would make it easier for suppliers to navigate processes and obtain timely support.
Uncertified Small Business,Accounting,,This process has been totally ill-timed and communicated. Multiple hard-copy letters saying the same thing. Phone support is a revolving cycle of asking for more information.,,,,,,,When I submit an invoice the total always shows $0. I need to edit it each time.,,,,It's nearly impossible to communicate with a real person. I suspect that is by design. But it makes it very hard to figure out issues.
,,,Haven't had issues yet.,,,,I am really confused about the relationship between PaymentWorks and Transcepta.,,,,,,,
,Accounting,,Registered four times. Always rejected with no explanation. A simple phone call would resolve it in two minutes.,,The customers use PaymentWorks. Our company does not interact with it directly.,,,,,Transcepta is doing nothing but creating delays in payment. Small businesses cannot afford to carry receivables.,,,"Since February we receive work orders and fulfill them without a PO number, as FM is behind in providing one.",
,,,,,,,,,,,,,I don't know what instructions you are referring to. All I need is the number and the statement of work.,
,,,,,,,,,,,Other resources found via Google.,,,
,,,,Accounting department internally.,,,,,,,,,,Communication — simple and straightforward. That may be something to implement.
,,,"Things that are not important for me — I do not remember, so it is probably fine.",,Getting paid for invoices submitted has been the main challenge.,EMAIL. You are paying us. We should not have to register in your internal portal.,,,,,,kept referring me to self-help and Transcepta support,,Please change this process as soon as possible. You are paying us — we issue an invoice with payment instructions and it is your organization's responsibility to match it to internal POs.
,,,,,,,,,,Transcepta is doing nothing but creating delays in payment. Small businesses cannot afford to carry receivables.,,,,
,,,,,,,,I do not recall.,,"Transcepta creates much more work for the supplier. It requires re-entering all information from our own invoices item by item, line by line. We prefer to submit our company-generated invoices directly.",,,"Since February we receive work orders and fulfill them without a PO number, as FM is behind in providing one.",
"Smaller, privately owned business but not per SBA standards",,,Very challenging given the requirements to submit for reimbursement.,None.,,,Unbelievable that in the age of AI you still require mapping invoices in specific places. QuickBooks does it automatically.,,,Every year there is a huge delay in PO renewals resulting in two to three months of inability to work or get paid.,,,,Communication — simple and straightforward. That may be something to implement.
,,,,,I had a horrible experience as a UC San Diego supplier.,,,,,,,,,Unbelievable that in the age of AI you still require manual invoice mapping. QuickBooks does this automatically.
,,,,,,,I am really confused about the relationship between PaymentWorks and Transcepta.,No issues. Transcepta is very easy to use.,,,,,,
,,,,,A Client status says Registration Approved but it never advanced to Connected.,,,,,,,,,A telephone number for supplier support would be very helpful. It used to be possible to contact a person directly. Much more efficient than now.
,,,,We have not used PaymentWorks.,Client status says 'Registration Approved' but never advanced to 'Connected.',,,,,,,,,
,Consulting firm,,,,,Email directly to AP contact.,,,,,Department administrator shared a guide.,,,
,Owner and Software Developer,,"Getting what method of payment was set. It was a credit card at one time, now a transfer.",,Getting paid for invoices submitted has been the main challenge.,,,,I don't know what else to tell you.,,,Read comment above. The issue isn't having enough support — it's about having an easy-to-use system that does things right the first time.,Clear but the support for issues with the process was lacking.,
,Owner/Operations,,,I finally got ahold of someone after several attempts.,We have encountered challenges with tax form management — asked to resubmit documents already on file.,,,,,,,,,
,,,,We have not used PaymentWorks.,,,,,,Every year there is a huge delay in PO renewals resulting in two to three months of inability to work or get paid.,,,,
,"AP, Purchasing, Estimator, AR, Sales",,,None.,"Registered four times. All futile. Keeps asking for correct Tax ID, always rejects with no explanation. A phone call would fix it in two minutes. Staff response is mainly 'log in again and retry.' Frankly, PaymentWorks is amazingly complex and inefficient.",,,,,,,,,
,Sole member,,,I finally got ahold of someone after several attempts.,,,,,,,,,,
,Sole member,,,,,,,,,,,,,
,,,I have no idea how to enroll a new payor. Is UC San Diego a company or a supplier in the system?,,,,,,,,I have created my own set of instructions — a how-to document to navigate this system.,,,
,Dispatch Manager,,,,,Been too long. Do not remember.,,When I submit an invoice the total always shows $0 and I have to go back and edit it to change the amount.,,Every year there is a huge delay in PO renewals resulting in two to three months of inability to work or get paid.,,,I don't remember who I emailed.,
,,,,,,,,,Accounting department.,Everything was bad. I will never work again with any company that uses Transcepta.,Been too long. Do not remember.,,Optional — please elaborate on your choice.,
,Owner/Operations,,,,Been too long. Do not remember.,,,"It is a little cumbersome. Many steps, but understandable given the nature of the system.",,,,,,Communication — simple and straightforward. That may be something to implement.
,,I have not used PaymentWorks directly; our client handles that side.,I do not recall having difficulties.,,,,,,Have not used it yet.,Transcepta is doing nothing but creating delays in payment. Small businesses cannot afford to carry receivables.,,,,
,Media Trainer,"I thought we used PaymentWorks for invoicing, but my notes say Transcepta. Still unclear what PaymentWorks is for.",,,,,,,,,,,,
,,,,,,,,Had to contact several parties over several months to resolve the issue.,,,,,,
,,,,,,,,,,Been too long. Do not remember.,,,,
,,,,,,,,,,,,,,
,,,,We have not used PaymentWorks.,,,,,,,,Being referred to self-help when the issue required direct human assistance.,,There should be changes to the length of time services are paid for. It is not reasonable to expect a contractor to wait 60 or 90 days to get paid.
,Live Bee removal,,,,,i need to check what i used,,,,"Transcepta creates much more work for the supplier. It requires re-entering all information from our own invoices item by item, line by line. We prefer to submit our company-generated invoices directly.",,,,
,,,,,,,,No issues. Transcepta is very easy to use.,,,,,,Please change this process as soon as possible. You are paying us — we issue an invoice with payment instructions and it is your organization's responsibility to match it to internal POs.
,Media Trainer,,,,"Unless forced to submit via Transcepta, we do not use it. Our customers receive invoices emailed directly.",,,,,,,,,
,,,I have no idea how to enroll a new payor. Is UC San Diego a company or a supplier in the system?,Have not used it yet.,,,,Had to contact several parties over several months to resolve the issue.,MedEd AP person or my project manager.,,,,,
,,,,,"Registered four times. All futile. Keeps asking for correct Tax ID, always rejects with no explanation. A phone call would fix it in two minutes. Staff response is mainly 'log in again and retry.' Frankly, PaymentWorks is amazingly complex and inefficient.",,,,Been too long. Do not remember.,,,,,
,,,,,,,,,,,,,,
,,,,,,,,When I submit an invoice the total always shows $0 and I have to go back and edit it to change the amount.,,,,,Clear but the support for issues with the process was lacking.,
,,,,,,,,,,,,,,
,Owner/Operations,,,,"I was directed to PaymentWorks very late in the process, then directed to another option. Very confusing.",,,,,,Been too long. Do not remember.,,,I don't recall enough to provide meaningful feedback at this time.
,,,,,,,,,,,,,,
,,,,,Very challenging given requirements. I've created my own how-to document to navigate this.,,I do not recall.,,,,I have created my own set of instructions — a how-to document to navigate this system.,,,
,,,,,,,I am really confused about the relationship between PaymentWorks and Transcepta.,,,Every year there is a huge delay in PO renewals resulting in two to three months of inability to work or get paid.,,,,
,Owner/Operations,,,,,,,"Often have to contact my colleague at UCSD, who then calls Transcepta.",,,,,,
,Owner,,,,,,,,Been too long. Do not remember.,,,,,Thank you for the continued efforts to improve supplier experience. More streamlined guidance would be appreciated.
,,,,,,,,,,,,kept referring me to self-help and Transcepta support,,
,Accounting,,,I haven't had an issue.,,,,When I submit an invoice the total always shows $0 and I have to go back and edit it to change the amount.,,One invoice was approved but never paid when the AP clerk on my account changed.,,,"Since February we receive work orders and fulfill them without a PO number, as FM is behind in providing one.",
,,,,,You are paying us. We should not have to register in your internal processing portal. AP specialists at your organization should be handling this.,,,,,I am having significant issues with Transcepta. It is not functional and has resulted in significant payment delays.,,,"Since February we receive work orders and fulfill them without a PO number, as FM is behind in providing one.",
,,,,,,,,,,,,,,
,,,,,,,,,,Been too long. Do not remember.,,,,
"Smaller, privately owned business but not per SBA standards",,,,,,,,,,When I submit an invoice the total always shows $0. I need to edit it each time.,,,,"I've had many issues resolved by the department administrator. That being said, a net-60 soon becoming net-90 is completely unreasonable."
,,See response to question #2.,,,,,,,,,,,,
,,,,Accounting department internally.,"I was directed to PaymentWorks very late in the process, then directed to another option. Very confusing.",QBO (QuickBooks Online),,"It is a little cumbersome. Many steps, but understandable given the nature of the system.",,,,,,
,Owner and Software Developer,,,,,,I do not recall.,,,"Transcepta creates much more work for the supplier. It requires re-entering all information from our own invoices item by item, line by line. We prefer to submit our company-generated invoices directly.",,,,It's nearly impossible to communicate with a real person. I suspect that is by design. But it makes it very hard to figure out issues.
,,,,UCSD Extension Office.,,,,,,,,kept referring me to self-help and Transcepta support,,
,,,,,,,,,,Everything was bad. I will never work again with any company that uses Transcepta.,,,,More streamlined guidance and centralized communication channels would make it easier for suppliers to navigate processes and obtain timely support.
,,,,,,,,,,,,,,There should be changes to the length of time services are paid for. It is not reasonable to expect a contractor to wait 60 or 90 days to get paid.
,,,I have no idea how to enroll a new payor. Is UC San Diego a company or a supplier in the system?,,,,,,,,Been too long. Do not remember.,,,
,,"We use it only for registration. Once set up, we don't log back in.",,,,,,,,,,Being referred to self-help when the issue required direct human assistance.,,
,,,,,,,,,,,,Been too long. Do not remember.,,
,,"We use it only for registration. Once set up, we don't log back in.",,,,,,,,,,,,
,"Integration and design of electronics, optics and robotics",,,,,,,,,,,,,
,Engineering Sales & Service,,,,"Registered four times. All futile. Keeps asking for correct Tax ID, always rejects with no explanation. A phone call would fix it in two minutes. Staff response is mainly 'log in again and retry.' Frankly, PaymentWorks is amazingly complex and inefficient.",,,,,,,,,
,,,,,,,,,,,,,kept referring me to self-help,
,Accounting,,,,,,,As a vendor we do not appreciate being required to upload invoices and add internal information. Your AP team should handle this.,,Been too long. Do not remember.,,,,
,,,,,,,,,,,,,,
,,I have not used PaymentWorks directly; our client handles that side.,,,,,,Viewing invoice submission status was the main issue.,,,,,,
,,,,,,,Unbelievable that in the age of AI you still require mapping invoices in specific places. QuickBooks does it automatically.,,,Was unable to add UC San Diego without Transcepta support's assistance. Kept being referred to self-help options that were not working.,,,,
,,,,,,,,,,,,kept referring me to self-help and Transcepta support,I don't remember who I emailed.,
,,"We use it only for registration. Once set up, we don't log back in.",,We have not used PaymentWorks.,,,,,,,,,I usually have to contact someone at UC San Diego when our PO dollar amount is used up. I'd prefer an email notification rather than having to reach out myself.,
,Sole member,I have not used PaymentWorks directly; our client handles that side.,,,A Client status says Registration Approved but it never advanced to Connected.,,,"Transcepta requires re-entering all information from our own invoices item by item, line by line. Very cumbersome.",,One invoice was approved but never paid when the AP clerk on my account changed.,,kept referring me to self-help and Transcepta support,,
,,,,,,,,,,,,,,
,"AP, Purchasing, Estimator, AR, Sales",,,,,,Unbelievable that in the age of AI you still require mapping invoices in specific places. QuickBooks does it automatically.,,,,,,,Get rid of Transcepta.
,,,,,"Unless forced to submit via Transcepta, we do not use it. Our customers receive invoices emailed directly.",,,"Often have to contact my colleague at UCSD, who then calls Transcepta.","We didn't choose to use this portal — your organization did. You should be the point of contact for issues, not a third-party vendor.",,,,,
,,,,,You are paying us. We should not have to register in your internal processing portal. AP specialists at your organization should be handling this.,,I do not recall.,Been too long. Do not remember.,,,,,kept referring me to self-help,
,,,,,,,,,,Everything was bad. I will never work again with any company that uses Transcepta.,,,,Been too long. Do not remember.
,,,,,,,,"It is a little cumbersome. Many steps, but understandable given the nature of the system.",,,I have created my own set of instructions — a how-to document to navigate this system.,,,
,,,,,,,,,,,,,,"I've had many issues resolved by the department administrator. That being said, a net-60 soon becoming net-90 is completely unreasonable."
,,,"Things that are not important for me — I do not remember, so it is probably fine.",,We have encountered challenges with tax form management — asked to resubmit documents already on file.,,,Been too long. Do not remember.,,,,,Clear but the support for issues with the process was lacking.,
,,,,,,,,,,,,,,
,,,This process has been totally ill-timed and communicated. Multiple hard-copy letters saying the same thing. Phone support is a revolving cycle of asking for more information.,,,,,,,I am having significant issues with Transcepta. It is not functional and has resulted in significant payment delays.,,,,
,Owner,,,I haven't had an issue.,Been too long. Do not remember.,,Unbelievable that in the age of AI you still require mapping invoices in specific places. QuickBooks does it automatically.,,,,,I'm a small business. Spending time on administrative tasks that should take minutes costs money and productivity.,,
,Dispatch Manager,,,Have not used it yet.,I had a horrible experience as a UC San Diego supplier.,,N/A — I've never interacted with Transcepta directly.,,,,,,,
,,,,,,,,"It is a little cumbersome. Many steps, but understandable given the nature of the system.",,,,,,
,,,,,,,,I do not recall.,,,,,,I believe the process could be greatly improved by having a single point of contact instead of multiple portals.
,,,,,,,,,,Was unable to add UC San Diego without Transcepta support's assistance. Kept being referred to self-help options that were not working.,,,,
Public Agency,Owner/Operations,I have not used PaymentWorks directly; our client handles that side.,,,,,,,,Been too long. Do not remember.,I have created my own set of instructions — a how-to document to navigate this system.,,,Unbelievable that in the age of AI you still require manual invoice mapping. QuickBooks does this automatically.
,,,,,,,,,,,,,,"I've had many issues resolved by the department administrator. That being said, a net-60 soon becoming net-90 is completely unreasonable."
,,,,,,,,I do not recall.,,,,,,
,,,,,,,,,,One invoice was approved but never paid when the AP clerk on my account changed.,I have created my own set of instructions — a how-to document to navigate this system.,,,
,,,,,,,,Been too long. Do not remember.,,One invoice was approved but never paid when the AP clerk on my account changed.,,,,Been too long. Do not remember.
,Manager,,,,,,,,,,,kept referring me to self-help and Transcepta support,,
,Consulting firm,,,We have not used PaymentWorks.,,,,,,,,I honestly don't wish to invest the time.,,
,,,,,,,,,,,,,,It's nearly impossible to communicate with a real person. I suspect that is by design. But it makes it very hard to figure out issues.
,,,,,,,,"Often have to contact my colleague at UCSD, who then calls Transcepta.",,,,,Optional — please elaborate on your choice.,
,,,,,,,,,,,,,,Been too long. Do not remember.
,Accounting,,,,,,,,,,,,,
,,,,,,,I am really confused about the relationship between PaymentWorks and Transcepta.,,,,,,,
,,,,,,,,,,,,,,
,,,,,,"Unless forced to submit via Transcepta, we do not use Transcepta. Our customers receive invoices emailed to their AP or business email.",,,,Everything was bad. I will never work again with any company that uses Transcepta.,,,,
,,,,,"Registered four times. All futile. Keeps asking for correct Tax ID, always rejects with no explanation. A phone call would fix it in two minutes. Staff response is mainly 'log in again and retry.' Frankly, PaymentWorks is amazingly complex and inefficient.",,,,,,,,Optional — please elaborate on your choice.,
Uncertified Small Business,,,,I am having significant issues — it is not functional.,,,,,Have not used it yet.,When I submit an invoice the total always shows $0. I need to edit it each time.,,,"My most recent PO communication came directly from a real person, not from these systems.",
,,,"Getting what method of payment was set. It was a credit card at one time, now a transfer.",,,,,Everything was bad. I will never work again with any company that uses Transcepta.,,,,,"My most recent PO communication came directly from a real person, not from these systems.",Been too long. Do not remember.
,,,,,,,,,MedEd AP person or my project manager.,,,,,
,,,,,,,Been too long. Do not remember.,,,Transcepta is doing nothing but creating delays in payment. Small businesses cannot afford to carry receivables.,,,,There should be changes to the length of time services are paid for. It is not reasonable to expect a contractor to wait 60 or 90 days to get paid.
,,,,,"Again, never heard of this — I used to send invoices to the manager, now I use Transcepta.",,,I do not recall.,,,Department administrator shared a guide.,,Clear but the support for issues with the process was lacking.,
,,,,,,,,,,,,,,I don't recall enough to provide meaningful feedback at this time.
,,,Registered four times. Always rejected with no explanation. A simple phone call would resolve it in two minutes.,,,,I've spoken with Customer Service multiple times. They had different instructions than what was provided and admitted their QBO interface was not good.,"Often have to contact my colleague at UCSD, who then calls Transcepta.",,I have spent hours trying to fix it. After uploading directly with a PDF it is still showing a $0 balance. Transcepta is an awful system for a small business owner.,,,,
,,"We use it only for registration. Once set up, we don't log back in.",,,"Again, never heard of this — I used to send invoices to the manager, now I use Transcepta.",,,Transcepta is awful for small businesses — almost all of us use QuickBooks or QBO.,,"Transcepta creates much more work for the supplier. It requires re-entering all information from our own invoices item by item, line by line. We prefer to submit our company-generated invoices directly.",,,kept referring me to self-help,
"Smaller, privately owned business but not per SBA standards",,,,,,,,Been too long. Do not remember.,,,,,,
,,"I thought we used PaymentWorks for invoicing, but my notes say Transcepta. Still unclear what PaymentWorks is for.",,,,QBO (QuickBooks Online),,,,,,,,
,Live Bee removal,,,,,EDI,,,,,,,,
,Teaching,Is this the same as your Transcepta system?,,,,,,,,,,,,
,,,,,,,,,,,,,,
,,,,,,,,,,When I submit an invoice the total always shows $0. I need to edit it each time.,,,kept referring me to self-help,
,,,,,I had a horrible experience as a UC San Diego supplier.,Print it out and give it to the manager of the store.,,,,Was unable to add UC San Diego without Transcepta support's assistance. Kept being referred to self-help options that were not working.,,,,
DBE CA,Owner and Software Developer,,I have no idea how to enroll a new payor. Is UC San Diego a company or a supplier in the system?,,,,,Been too long. Do not remember.,,,,,,I believe the process could be greatly improved by having a single point of contact instead of multiple portals.
,Office Manager,,,,,,Unbelievable that in the age of AI you still require mapping invoices in specific places. QuickBooks does it automatically.,,,,Other resources found via Google.,Payables@ucsd.edu is not very helpful.,,
,Live Bee removal,,Haven't had issues yet.,,,,,,,,,,,
,,,,,,,,,,,,,,
,,,,,,,,No issues. Transcepta is very easy to use.,,,Department administrator shared a guide.,,,
,,"We use it only for registration. Once set up, we don't log back in.","Getting what method of payment was set. It was a credit card at one time, now a transfer.",,,,,"Often have to contact my colleague at UCSD, who then calls Transcepta.",,,Been too long. Do not remember.,,,Communication — simple and straightforward. That may be something to implement.
,,,,,,,Optional — please elaborate on choices selected.,,,,,,,
,,,,,Very challenging given requirements. I've created my own how-to document to navigate this.,,,,Accounting department.,I have spent hours trying to fix it. After uploading directly with a PDF it is still showing a $0 balance. Transcepta is an awful system for a small business owner.,,Payables@ucsd.edu is not very helpful.,,
,,,,,I had a horrible experience as a UC San Diego supplier.,,,As a vendor we do not appreciate being required to upload invoices and add internal information. Your AP team should handle this.,,,,,,
,,,,,,,,,,,,,,
,Engineering Sales & Service,I rarely use PaymentWorks — only log in when UCSD requires an update.,,,Been too long. Do not remember.,,,,,Every year there is a huge delay in PO renewals resulting in two to three months of inability to work or get paid.,,,,
,,,,,,,,,,,,,,"Consider that if a company has to have that many resources to solve issues, it's not a good system."
,,"We use it only for registration. Once set up, we don't log back in.","Things that are not important for me — I do not remember, so it is probably fine.",,,i need to check what i used,,,,Every year there is a huge delay in PO renewals resulting in two to three months of inability to work or get paid.,,,I don't know what instructions you are referring to. All I need is the number and the statement of work.,"I've had many issues resolved by the department administrator. That being said, a net-60 soon becoming net-90 is completely unreasonable."
,Owner,,,,,i need to check what i used,,,,,,,,
,,,,,We have encountered challenges with tax form management — asked to resubmit documents already on file.,,,,,,,,,Unbelievable that in the age of AI you still require manual invoice mapping. QuickBooks does this automatically.
,,,,,,,,,,,,,,
,,,,,,,,,,,,,"Since February we receive work orders and fulfill them without a PO number, as FM is behind in providing one.",
,"Integration and design of electronics, optics and robotics",,,,"Again, never heard of this — I used to send invoices to the manager, now I use Transcepta.",,,,,Was unable to add UC San Diego without Transcepta support's assistance. Kept being referred to self-help options that were not working.,,,,
,,,,Accounting department internally.,"Again, never heard of this — I used to send invoices to the manager, now I use Transcepta.",,,,Have not used it yet.,One invoice was approved but never paid when the AP clerk on my account changed.,,,I don't know what instructions you are referring to. All I need is the number and the statement of work.,
,,,Tax form management is confusing — we submitted our W-8BEN-E but keep being asked to resubmit. Unclear if it was received.,,,,,,MedEd AP person or my project manager.,,,,,
,Owner and Software Developer,,,We have not used PaymentWorks.,Client status says 'Registration Approved' but never advanced to 'Connected.',,,,,,,,,Communication — simple and straightforward. That may be something to implement.
,,,,,,,,Been too long. Do not remember.,,,,,kept referring me to self-help,Thank you for the continued efforts to improve supplier experience. More streamlined guidance would be appreciated.
,,,,,,,,,I don't know what else to tell you.,,,,Optional — please elaborate on your choice.,
,,,,,Very challenging given requirements. I've created my own how-to document to navigate this.,,,,,,,,,"I've had many issues resolved by the department administrator. That being said, a net-60 soon becoming net-90 is completely unreasonable."
,Owner/Operator,,,,,,,,,,,,,Renew POs much faster for existing vendors. I shouldn't have to shuffle work to account for multiple months of non-payment while this gets sorted out.
,,,,,,Email directly to AP contact.,,,,,,,I usually have to contact someone at UC San Diego when our PO dollar amount is used up. I'd prefer an email notification rather than having to reach out myself.,
,,,,,I had a horrible experience as a UC San Diego supplier.,"Unless forced to submit via Transcepta, we do not use Transcepta. Our customers receive invoices emailed to their AP or business email.",,,,,,,I usually have to contact someone at UC San Diego when our PO dollar amount is used up. I'd prefer an email notification rather than having to reach out myself.,More streamlined guidance and centralized communication channels would make it easier for suppliers to navigate processes and obtain timely support.
,,Is this the same as your Transcepta system?,,,,,Unbelievable that in the age of AI you still require mapping invoices in specific places. QuickBooks does it automatically.,No issues. Transcepta is very easy to use.,,,,,,
,,,I do not recall having difficulties.,,,,,,,,,,,
,,,,,,,Been too long. Do not remember.,,,,,,,
,,,,,,,,,,"Transcepta creates much more work for the supplier. It requires re-entering all information from our own invoices item by item, line by line. We prefer to submit our company-generated invoices directly.",,,,
,,See response to question #2.,,,,,I've spoken with Customer Service multiple times. They had different instructions than what was provided and admitted their QBO interface was not good.,,Been too long. Do not remember.,Every year there is a huge delay in PO renewals resulting in two to three months of inability to work or get paid.,,,,
,,,,,,,I am really confused about the relationship between PaymentWorks and Transcepta.,,,,,,,
,,,This process has been totally ill-timed and communicated. Multiple hard-copy letters saying the same thing. Phone support is a revolving cycle of asking for more information.,,,,,,Department administrator.,,,,,
,,"I thought we used PaymentWorks for invoicing, but my notes say Transcepta. Still unclear what PaymentWorks is for.",,,,,,,,,I have created my own set of instructions — a how-to document to navigate this system.,,,
Uncertified Small Business,,,,None.,,,,No issues. Transcepta is very easy to use.,,,,,,
,,See response to question #2.,,,,,,,,I have spent hours trying to fix it. After uploading directly with a PDF it is still showing a $0 balance. Transcepta is an awful system for a small business owner.,,,,
,,,,,,,,"Transcepta requires re-entering all information from our own invoices item by item, line by line. Very cumbersome.",,,,,,
,,,Tax form management is confusing — we submitted our W-8BEN-E but keep being asked to resubmit. Unclear if it was received.,,,,,,,,,,kept referring me to self-help,
,,I have not used PaymentWorks directly; our client handles that side.,,,,,,,,,Been too long. Do not remember.,,,
,,,,,,EMAIL. You are paying us. We should not have to register in your internal portal.,I am really confused about the relationship between PaymentWorks and Transcepta.,Viewing invoice submission status was the main issue.,,,,,kept referring me to self-help,
,,,,,,,,,,I am having significant issues with Transcepta. It is not functional and has resulted in significant payment delays.,,,,
,,,,,,,,,,When I submit an invoice the total always shows $0. I need to edit it each time.,,,,
,,,,,,,,,,Been too long. Do not remember.,,,,
,,,,,,,,,,,,,,
,,,,I haven't had an issue.,,,,,Department administrator.,,,Payables@ucsd.edu is not very helpful.,,
,,,,,,,,,,,,,,
,,,,,"I was directed to PaymentWorks very late in the process, then directed to another option. Very confusing.",i need to check what i used,,As a vendor we do not appreciate being required to upload invoices and add internal information. Your AP team should handle this.,"We didn't choose to use this portal — your organization did. You should be the point of contact for issues, not a third-party vendor.",,,,"Since February we receive work orders and fulfill them without a PO number, as FM is behind in providing one.",
,,,,,,,,,I don't know what else to tell you.,,,,,
,,,,,"I was directed to PaymentWorks very late in the process, then directed to another option. Very confusing.",,,,,,,,,More streamlined guidance and centralized communication channels would make it easier for suppliers to navigate processes and obtain timely support.
,,,,,,,,,,When I submit an invoice the total always shows $0. I need to edit it each time.,,,,
,,,,,,,,,,,,,,
,,,,,,,,,,,,,,
,,,,,,,,,,Everything was bad. I will never work again with any company that uses Transcepta.,,,"Since February we receive work orders and fulfill them without a PO number, as FM is behind in providing one.",
,,,,,,EDI,,,,Been too long. Do not remember.,,,,
,,,,,,,,,,Was unable to add UC San Diego without Transcepta support's assistance. Kept being referred to self-help options that were not working.,,,,
,,,,Have not used it yet.,,,,When I submit an invoice the total always shows $0 and I have to go back and edit it to change the amount.,,,,,,
,Teaching,,,,The customers use PaymentWorks. Our company does not interact with it directly.,,,,,,,,"My most recent PO communication came directly from a real person, not from these systems.",
,,,,,,QBO (QuickBooks Online),I've spoken with Customer Service multiple times. They had different instructions than what was provided and admitted their QBO interface was not good.,Transcepta is awful for small businesses — almost all of us use QuickBooks or QBO.,,,,,,
,,,,,,,,,,I am having significant issues with Transcepta. It is not functional and has resulted in significant payment delays.,,,,
,,,,,,,,,,One invoice was approved but never paid when the AP clerk on my account changed.,,,,More streamlined guidance and centralized communication channels would make it easier for suppliers to navigate processes and obtain timely support.
,,,Haven't had issues yet.,,,,,,,I have spent hours trying to fix it. After uploading directly with a PDF it is still showing a $0 balance. Transcepta is an awful system for a small business owner.,,,,Renew POs much faster for existing vendors. I shouldn't have to shuffle work to account for multiple months of non-payment while this gets sorted out.
,,,,,,,,,,I am having significant issues with Transcepta. It is not functional and has resulted in significant payment delays.,,,Clear but the support for issues with the process was lacking.,
,,See response to question #2.,Tax form management is confusing — we submitted our W-8BEN-E but keep being asked to resubmit. Unclear if it was received.,,Been too long. Do not remember.,,,,,One invoice was approved but never paid when the AP clerk on my account changed.,,,,
,,,,,Getting paid for invoices submitted has been the main challenge.,,,,,I have spent hours trying to fix it. After uploading directly with a PDF it is still showing a $0 balance. Transcepta is an awful system for a small business owner.,,,,
,Office Manager,,,,,,,As a vendor we do not appreciate being required to upload invoices and add internal information. Your AP team should handle this.,,,,,,
,"Integration and design of electronics, optics and robotics",,Tax form management is confusing — we submitted our W-8BEN-E but keep being asked to resubmit. Unclear if it was received.,,Getting paid for invoices submitted has been the main challenge.,,,,,,,,,
"Smaller, privately owned business but not per SBA standards",,,,,,,I am really confused about the relationship between PaymentWorks and Transcepta.,,,,,kept referring me to self-help and Transcepta support,,
,,,This process has been totally ill-timed and communicated. Multiple hard-copy letters saying the same thing. Phone support is a revolving cycle of asking for more information.,,,,,,,Was unable to add UC San Diego without Transcepta support's assistance. Kept being referred to self-help options that were not working.,,Being referred to self-help when the issue required direct human assistance.,,
,,,,,,,,,,,,,I usually have to contact someone at UC San Diego when our PO dollar amount is used up. I'd prefer an email notification rather than having to reach out myself.,
,Media Trainer,,,Have not used it yet.,,,,,MedEd AP person or my project manager.,,Department administrator shared a guide.,,I usually have to contact someone at UC San Diego when our PO dollar amount is used up. I'd prefer an email notification rather than having to reach out myself.,
